{"cameraMode":{"drawMode":0,"name":"Shaded","section":"Shading Mode"},"sceneLighting":true,"audioPlay":false,"sceneViewState":{"m_AlwaysRefresh":false,"showFog":true,"showSkybox":true,"showFlares":true,"showImageEffects":true,"showParticleSystems":true,"showVisualEffectGraphs":true,"m_FxEnabled":true},"in2DMode":false,"pivot":{"x":16.448558807373048,"y":-24.270517349243165,"z":-292.42041015625},"rotation":{"x":-0.01680995710194111,"y":-0.002402781043201685,"z":0.000037571375287370756,"w":-0.9998705387115479},"size":32.033103942871097,"orthographic":false}